{
    "palette": [
        {
            "rgb": [
                151,
                143,
                117
            ],
            "hex": "#978f75"
        },
        {
            "rgb": [
                148,
                145,
                121
            ],
            "hex": "#949179"
        },
        {
            "rgb": [
                170,
                170,
                152
            ],
            "hex": "#aaaa98"
        },
        {
            "rgb": [
                124,
                120,
                80
            ],
            "hex": "#7c7850"
        },
        {
            "rgb": [
                239,
                239,
                236
            ],
            "hex": "#efefec"
        }
    ],
    "average": [
        203,
        201,
        189
    ]
}