{
    "palette": [
        {
            "rgb": [
                238,
                237,
                234
            ],
            "hex": "#eeedea"
        },
        {
            "rgb": [
                154,
                154,
                131
            ],
            "hex": "#9a9a83"
        },
        {
            "rgb": [
                163,
                158,
                139
            ],
            "hex": "#a39e8b"
        },
        {
            "rgb": [
                131,
                131,
                99
            ],
            "hex": "#838363"
        },
        {
            "rgb": [
                160,
                158,
                132
            ],
            "hex": "#a09e84"
        }
    ],
    "average": [
        203,
        201,
        189
    ]
}