{
    "palette": [
        {
            "rgb": [
                167,
                166,
                148
            ],
            "hex": "#a7a694"
        },
        {
            "rgb": [
                130,
                129,
                103
            ],
            "hex": "#828167"
        },
        {
            "rgb": [
                238,
                237,
                233
            ],
            "hex": "#eeede9"
        },
        {
            "rgb": [
                170,
                166,
                147
            ],
            "hex": "#aaa693"
        },
        {
            "rgb": [
                135,
                135,
                100
            ],
            "hex": "#878764"
        }
    ],
    "average": [
        203,
        201,
        189
    ]
}