{
    "palette": [
        {
            "rgb": [
                62,
                87,
                102
            ],
            "hex": "#3e5766"
        },
        {
            "rgb": [
                65,
                89,
                104
            ],
            "hex": "#415968"
        },
        {
            "rgb": [
                62,
                86,
                100
            ],
            "hex": "#3e5664"
        },
        {
            "rgb": [
                65,
                89,
                104
            ],
            "hex": "#415968"
        },
        {
            "rgb": [
                63,
                87,
                102
            ],
            "hex": "#3f5766"
        }
    ],
    "average": [
        63,
        88,
        102
    ]
}