{
    "palette": [
        {
            "rgb": [
                51,
                98,
                133
            ],
            "hex": "#336285"
        },
        {
            "rgb": [
                48,
                96,
                130
            ],
            "hex": "#306082"
        },
        {
            "rgb": [
                49,
                95,
                129
            ],
            "hex": "#315f81"
        },
        {
            "rgb": [
                50,
                98,
                131
            ],
            "hex": "#326283"
        },
        {
            "rgb": [
                46,
                88,
                118
            ],
            "hex": "#2e5876"
        }
    ],
    "average": [
        49,
        95,
        128
    ]
}