{
    "palette": [
        {
            "rgb": [
                70,
                40,
                21
            ],
            "hex": "#462815"
        },
        {
            "rgb": [
                63,
                36,
                21
            ],
            "hex": "#3f2415"
        },
        {
            "rgb": [
                84,
                51,
                31
            ],
            "hex": "#54331f"
        },
        {
            "rgb": [
                83,
                49,
                27
            ],
            "hex": "#53311b"
        },
        {
            "rgb": [
                73,
                41,
                24
            ],
            "hex": "#492918"
        }
    ],
    "average": [
        73,
        42,
        24
    ]
}