{
    "palette": [
        {
            "rgb": [
                50,
                96,
                130
            ],
            "hex": "#326082"
        },
        {
            "rgb": [
                52,
                101,
                135
            ],
            "hex": "#346587"
        },
        {
            "rgb": [
                46,
                95,
                132
            ],
            "hex": "#2e5f84"
        },
        {
            "rgb": [
                48,
                96,
                129
            ],
            "hex": "#306081"
        },
        {
            "rgb": [
                46,
                86,
                114
            ],
            "hex": "#2e5672"
        }
    ],
    "average": [
        49,
        95,
        128
    ]
}